{
    "cellline_name": "JURKAT",
    "train_ratio": 1.0,
    "test_ratio": 1.0,
    "epochs": 70,
    "lr": 0.0001,
    "patience": 10,
    "test_auc": 0.822734797500203,
    "test_aupr": 0.8279520081032032,
    "test_f1": 0.7498335554162375
}