{
    "cellline_name": "HS936T",
    "train_ratio": 1.0,
    "test_ratio": 1.0,
    "epochs": 70,
    "lr": 0.0001,
    "patience": 10,
    "test_auc": 0.7910502586386032,
    "test_aupr": 0.8028922284611315,
    "test_f1": 0.721643959947493
}