{
    "cellline_name": "HSC5",
    "train_ratio": 1.0,
    "test_ratio": 1.0,
    "epochs": 70,
    "lr": 0.0001,
    "patience": 10,
    "test_auc": 0.6904582264473618,
    "test_aupr": 0.7098111608504633,
    "test_f1": 0.6135825282150549
}