{
    "cellline_name": "PATU8988S",
    "train_ratio": 1.0,
    "test_ratio": 1.0,
    "epochs": 70,
    "lr": 0.0001,
    "patience": 10,
    "test_auc": 0.7992748789477437,
    "test_aupr": 0.810019836119275,
    "test_f1": 0.7199350605830416
}