{
    "cellline_name": "PK1",
    "train_ratio": 1.0,
    "test_ratio": 1.0,
    "epochs": 70,
    "lr": 0.0001,
    "patience": 10,
    "test_auc": 0.7666761726748311,
    "test_aupr": 0.7746303744192502,
    "test_f1": 0.697702420715733
}