{
    "cellline_name": "HSC5",
    "train_ratio": 1.0,
    "test_ratio": 1.0,
    "epochs": 70,
    "lr": 0.0001,
    "patience": 10,
    "test_auc": 0.7690860620693124,
    "test_aupr": 0.7641242067478122,
    "test_f1": 0.7149748564586977
}