{
    "cellline_name": "HSC5",
    "train_ratio": 1.0,
    "test_ratio": 1.0,
    "epochs": 70,
    "lr": 0.0001,
    "patience": 10,
    "test_auc": 0.8046375936824104,
    "test_aupr": 0.812437061725104,
    "test_f1": 0.7335471466181465
}