{
    "cellline_name": "PK1",
    "train_ratio": 1.0,
    "test_ratio": 1.0,
    "epochs": 70,
    "lr": 0.0001,
    "patience": 10,
    "test_auc": 0.7309179916192899,
    "test_aupr": 0.7284523965428408,
    "test_f1": 0.6823055962336149
}