{
    "cellline_name": "HS936T",
    "train_ratio": 1.0,
    "test_ratio": 1.0,
    "epochs": 70,
    "lr": 0.0001,
    "patience": 10,
    "test_auc": 0.6420987176691151,
    "test_aupr": 0.6586220860443681,
    "test_f1": 0.5970551288296863
}