{
    "cellline_name": "JURKAT",
    "train_ratio": 1.0,
    "test_ratio": 1.0,
    "epochs": 70,
    "lr": 0.0001,
    "patience": 10,
    "test_auc": 0.8127245775505234,
    "test_aupr": 0.8225163193264435,
    "test_f1": 0.7301446989387541
}