{
    "cellline_name": "HS936T",
    "train_ratio": 1.0,
    "test_ratio": 1.0,
    "epochs": 70,
    "lr": 0.0001,
    "patience": 10,
    "test_auc": 0.7414725209577372,
    "test_aupr": 0.7472457155213282,
    "test_f1": 0.669900501036546
}