{
    "cellline_name": "JURKAT",
    "train_ratio": 1.0,
    "test_ratio": 1.0,
    "epochs": 70,
    "lr": 0.0001,
    "patience": 10,
    "test_auc": 0.8229788491193897,
    "test_aupr": 0.8297990951946735,
    "test_f1": 0.7656220800751969
}