{
    "cellline_name": "HS936T",
    "train_ratio": 1.0,
    "test_ratio": 1.0,
    "epochs": 70,
    "lr": 0.0001,
    "patience": 10,
    "test_auc": 0.7868315475400482,
    "test_aupr": 0.7982803692578117,
    "test_f1": 0.7078291816314481
}