{
    "cellline_name": "HSC5",
    "train_ratio": 1.0,
    "test_ratio": 1.0,
    "epochs": 70,
    "lr": 0.0001,
    "patience": 10,
    "test_auc": 0.5959961772546652,
    "test_aupr": 0.6245712748519086,
    "test_f1": 0.6120174503403959
}