{
    "cellline_name": "PATU8988S",
    "train_ratio": 1.0,
    "test_ratio": 1.0,
    "epochs": 70,
    "lr": 0.0001,
    "patience": 10,
    "test_auc": 0.8040026815175134,
    "test_aupr": 0.813187752334404,
    "test_f1": 0.7267950340023337
}