{
    "cellline_name": "HS936T",
    "train_ratio": 1.0,
    "test_ratio": 1.0,
    "epochs": 70,
    "lr": 0.0001,
    "patience": 10,
    "test_auc": 0.7907917396157058,
    "test_aupr": 0.8002599133228616,
    "test_f1": 0.7265959465990554
}