{
    "cellline_name": "PATU8988S",
    "train_ratio": 1.0,
    "test_ratio": 1.0,
    "epochs": 70,
    "lr": 0.0001,
    "patience": 10,
    "test_auc": 0.8188693950719614,
    "test_aupr": 0.838995012272791,
    "test_f1": 0.7532558260825933
}