{
    "cellline_name": "PATU8988S",
    "train_ratio": 1.0,
    "test_ratio": 1.0,
    "epochs": 70,
    "lr": 0.0001,
    "patience": 10,
    "test_auc": 0.5444851204717474,
    "test_aupr": 0.5947110057752478,
    "test_f1": 0.48036731267280575
}