{
    "cellline_name": "HSC5",
    "train_ratio": 1.0,
    "test_ratio": 1.0,
    "epochs": 70,
    "lr": 0.0001,
    "patience": 10,
    "test_auc": 0.7834012373623057,
    "test_aupr": 0.7832177529532516,
    "test_f1": 0.7119995027738788
}