{
    "cellline_name": "IPC298",
    "train_ratio": 1.0,
    "test_ratio": 1.0,
    "epochs": 70,
    "lr": 0.0001,
    "patience": 10,
    "test_auc": 0.8001203678885347,
    "test_aupr": 0.785789517827195,
    "test_f1": 0.7361642879022996
}