{
    "cellline_name": "PK1",
    "train_ratio": 1.0,
    "test_ratio": 1.0,
    "epochs": 70,
    "lr": 0.0001,
    "patience": 10,
    "test_auc": 0.7632123176305706,
    "test_aupr": 0.7658815903543355,
    "test_f1": 0.6953660766878003
}