{
    "cellline_name": "PK1",
    "train_ratio": 1.0,
    "test_ratio": 1.0,
    "epochs": 70,
    "lr": 0.0001,
    "patience": 10,
    "test_auc": 0.6276337403101213,
    "test_aupr": 0.6204938274829156,
    "test_f1": 0.6663931804574779
}