{
    "cellline_name": "HSC5",
    "train_ratio": 1.0,
    "test_ratio": 1.0,
    "epochs": 70,
    "lr": 0.0001,
    "patience": 10,
    "test_auc": 0.7777475982093456,
    "test_aupr": 0.7816480946114323,
    "test_f1": 0.7140893100185797
}