{
    "cellline_name": "PATU8988S",
    "train_ratio": 1.0,
    "test_ratio": 1.0,
    "epochs": 70,
    "lr": 0.0001,
    "patience": 10,
    "test_auc": 0.7955696377095239,
    "test_aupr": 0.8071329803531858,
    "test_f1": 0.7231737047816257
}