{
    "cellline_name": "IPC298",
    "train_ratio": 1.0,
    "test_ratio": 1.0,
    "epochs": 70,
    "lr": 0.0001,
    "patience": 10,
    "test_auc": 0.7944416536688399,
    "test_aupr": 0.7913175278583033,
    "test_f1": 0.721951458594009
}