{
    "cellline_name": "PK1",
    "train_ratio": 1.0,
    "test_ratio": 1.0,
    "epochs": 70,
    "lr": 0.0001,
    "patience": 10,
    "test_auc": 0.6251704888606481,
    "test_aupr": 0.6511644726856838,
    "test_f1": 0.5828721069270507
}