{
    "cellline_name": "HS936T",
    "train_ratio": 1.0,
    "test_ratio": 1.0,
    "epochs": 70,
    "lr": 0.0001,
    "patience": 10,
    "test_auc": 0.7466707356266276,
    "test_aupr": 0.7544231029186024,
    "test_f1": 0.6831821555954993
}