{
    "cellline_name": "HSC5",
    "train_ratio": 1.0,
    "test_ratio": 1.0,
    "epochs": 70,
    "lr": 0.0001,
    "patience": 10,
    "test_auc": 0.8053920828932146,
    "test_aupr": 0.8108456219300875,
    "test_f1": 0.7313295010992876
}