{
    "cellline_name": "IPC298",
    "train_ratio": 1.0,
    "test_ratio": 1.0,
    "epochs": 70,
    "lr": 0.0001,
    "patience": 10,
    "test_auc": 0.8063196924417406,
    "test_aupr": 0.8052942254073813,
    "test_f1": 0.7389010134068308
}