{
    "cellline_name": "HS936T",
    "train_ratio": 1.0,
    "test_ratio": 1.0,
    "epochs": 70,
    "lr": 0.0001,
    "patience": 10,
    "test_auc": 0.6461552127694099,
    "test_aupr": 0.6457341441385627,
    "test_f1": 0.476659695946634
}