{
    "cellline_name": "HSC5",
    "train_ratio": 1.0,
    "test_ratio": 1.0,
    "epochs": 70,
    "lr": 0.0001,
    "patience": 10,
    "test_auc": 0.8046979528192747,
    "test_aupr": 0.8017235988839367,
    "test_f1": 0.7468732700859085
}