{
    "cellline_name": "PK1",
    "train_ratio": 1.0,
    "test_ratio": 1.0,
    "epochs": 70,
    "lr": 0.0001,
    "patience": 10,
    "test_auc": 0.7296235900342998,
    "test_aupr": 0.7224354145882952,
    "test_f1": 0.6660036968815402
}