{
    "cellline_name": "HSC5",
    "train_ratio": 1.0,
    "test_ratio": 1.0,
    "epochs": 70,
    "lr": 0.0001,
    "patience": 10,
    "test_auc": 0.7491273074795031,
    "test_aupr": 0.7470641740844911,
    "test_f1": 0.6765361974095263
}