{
    "cellline_name": "JURKAT",
    "train_ratio": 1.0,
    "test_ratio": 1.0,
    "epochs": 70,
    "lr": 0.0001,
    "patience": 10,
    "test_auc": 0.8162119308497686,
    "test_aupr": 0.822774716881419,
    "test_f1": 0.7513646666985604
}