{
    "cellline_name": "JURKAT",
    "train_ratio": 1.0,
    "test_ratio": 1.0,
    "epochs": 70,
    "lr": 0.0001,
    "patience": 10,
    "test_auc": 0.8215738008278549,
    "test_aupr": 0.8284816131236605,
    "test_f1": 0.7571004526525213
}