{
    "cellline_name": "IPC298",
    "train_ratio": 1.0,
    "test_ratio": 1.0,
    "epochs": 70,
    "lr": 0.0001,
    "patience": 10,
    "test_auc": 0.7904660966675147,
    "test_aupr": 0.7842725945239012,
    "test_f1": 0.7193741632901496
}