{
    "cellline_name": "PK1",
    "train_ratio": 1.0,
    "test_ratio": 1.0,
    "epochs": 70,
    "lr": 0.0001,
    "patience": 10,
    "test_auc": 0.7723392390348321,
    "test_aupr": 0.7761924363581109,
    "test_f1": 0.71573780781811
}