{
    "cellline_name": "HSC5",
    "train_ratio": 1.0,
    "test_ratio": 1.0,
    "epochs": 70,
    "lr": 0.0001,
    "patience": 10,
    "test_auc": 0.7963683919319953,
    "test_aupr": 0.7952983797835993,
    "test_f1": 0.7301286569368853
}