{
    "cellline_name": "IPC298",
    "train_ratio": 1.0,
    "test_ratio": 1.0,
    "epochs": 70,
    "lr": 0.0001,
    "patience": 10,
    "test_auc": 0.8114398904420252,
    "test_aupr": 0.8103046040468806,
    "test_f1": 0.7387233046712005
}