{
    "cellline_name": "HS936T",
    "train_ratio": 1.0,
    "test_ratio": 1.0,
    "epochs": 70,
    "lr": 0.0001,
    "patience": 10,
    "test_auc": 0.7731511354135989,
    "test_aupr": 0.7843355795104318,
    "test_f1": 0.722549168855904
}