{
    "cellline_name": "PK1",
    "train_ratio": 1.0,
    "test_ratio": 1.0,
    "epochs": 70,
    "lr": 0.0001,
    "patience": 10,
    "test_auc": 0.7675766559020202,
    "test_aupr": 0.7719234503636152,
    "test_f1": 0.6986186709683849
}