{
    "cellline_name": "PK1",
    "train_ratio": 1.0,
    "test_ratio": 1.0,
    "epochs": 70,
    "lr": 0.0001,
    "patience": 10,
    "test_auc": 0.6264507680730762,
    "test_aupr": 0.6506512630971116,
    "test_f1": 0.5739475024371588
}