{
    "cellline_name": "IPC298",
    "train_ratio": 1.0,
    "test_ratio": 1.0,
    "epochs": 70,
    "lr": 0.0001,
    "patience": 10,
    "test_auc": 0.8078437215871359,
    "test_aupr": 0.8026954921122258,
    "test_f1": 0.7358920834513993
}