{
    "cellline_name": "PATU8988S",
    "train_ratio": 1.0,
    "test_ratio": 1.0,
    "epochs": 70,
    "lr": 0.0001,
    "patience": 10,
    "test_auc": 0.8203493590226376,
    "test_aupr": 0.8387756423877566,
    "test_f1": 0.7527817474447728
}