{
    "cellline_name": "PATU8988S",
    "train_ratio": 1.0,
    "test_ratio": 1.0,
    "epochs": 70,
    "lr": 0.0001,
    "patience": 10,
    "test_auc": 0.8134263526526537,
    "test_aupr": 0.8282222854636923,
    "test_f1": 0.7455009150185005
}