{
    "cellline_name": "JURKAT",
    "train_ratio": 1.0,
    "test_ratio": 1.0,
    "epochs": 70,
    "lr": 0.0001,
    "patience": 10,
    "test_auc": 0.5529339891242594,
    "test_aupr": 0.5297528278187111,
    "test_f1": 0.6556661077721837
}