{
    "cellline_name": "IPC298",
    "train_ratio": 1.0,
    "test_ratio": 1.0,
    "epochs": 70,
    "lr": 0.0001,
    "patience": 10,
    "test_auc": 0.6419760670443688,
    "test_aupr": 0.6443931070572642,
    "test_f1": 0.6398330085816448
}