{
    "cellline_name": "JURKAT",
    "train_ratio": 1.0,
    "test_ratio": 1.0,
    "epochs": 70,
    "lr": 0.0001,
    "patience": 10,
    "test_auc": 0.8262867234802369,
    "test_aupr": 0.8363913635256347,
    "test_f1": 0.7600678661512215
}