{
    "cellline_name": "PK1",
    "train_ratio": 1.0,
    "test_ratio": 1.0,
    "epochs": 70,
    "lr": 0.0001,
    "patience": 10,
    "test_auc": 0.7488438198456258,
    "test_aupr": 0.7567364757096084,
    "test_f1": 0.6850983470128111
}