{
    "cellline_name": "PK1",
    "train_ratio": 1.0,
    "test_ratio": 1.0,
    "epochs": 70,
    "lr": 0.0001,
    "patience": 10,
    "test_auc": 0.6387074774940273,
    "test_aupr": 0.626121230184358,
    "test_f1": 0.6680310118093493
}