{
    "cellline_name": "HS936T",
    "train_ratio": 1.0,
    "test_ratio": 1.0,
    "epochs": 70,
    "lr": 0.0001,
    "patience": 10,
    "test_auc": 0.780625889889475,
    "test_aupr": 0.7902802014889815,
    "test_f1": 0.7146793766881322
}