{
    "cellline_name": "IPC298",
    "train_ratio": 1.0,
    "test_ratio": 1.0,
    "epochs": 70,
    "lr": 0.0001,
    "patience": 10,
    "test_auc": 0.7880850208498279,
    "test_aupr": 0.7907229818021992,
    "test_f1": 0.7168755697810335
}