{
    "cellline_name": "PATU8988S",
    "train_ratio": 1.0,
    "test_ratio": 1.0,
    "epochs": 70,
    "lr": 0.0001,
    "patience": 10,
    "test_auc": 0.8101910424322385,
    "test_aupr": 0.8350513837934039,
    "test_f1": 0.731327163166856
}