{
    "cellline_name": "HS936T",
    "train_ratio": 1.0,
    "test_ratio": 1.0,
    "epochs": 70,
    "lr": 0.0001,
    "patience": 10,
    "test_auc": 0.780588255390378,
    "test_aupr": 0.7908919159148331,
    "test_f1": 0.7119345318459056
}