{
    "cellline_name": "PATU8988S",
    "train_ratio": 1.0,
    "test_ratio": 1.0,
    "epochs": 70,
    "lr": 0.0001,
    "patience": 10,
    "test_auc": 0.8047713587875454,
    "test_aupr": 0.8253966227155644,
    "test_f1": 0.7435001584278786
}