{
    "cellline_name": "JURKAT",
    "train_ratio": 1.0,
    "test_ratio": 1.0,
    "epochs": 70,
    "lr": 0.0001,
    "patience": 10,
    "test_auc": 0.8050673224575927,
    "test_aupr": 0.8148662343203206,
    "test_f1": 0.7548438058313585
}