{
    "cellline_name": "HSC5",
    "train_ratio": 1.0,
    "test_ratio": 1.0,
    "epochs": 70,
    "lr": 0.0001,
    "patience": 10,
    "test_auc": 0.7856244655701424,
    "test_aupr": 0.7953191066907527,
    "test_f1": 0.7205057700770963
}