{
    "cellline_name": "HSC5",
    "train_ratio": 1.0,
    "test_ratio": 1.0,
    "epochs": 70,
    "lr": 0.0001,
    "patience": 10,
    "test_auc": 0.7816307026809517,
    "test_aupr": 0.7851056347253543,
    "test_f1": 0.7000687098979357
}