{
    "cellline_name": "JURKAT",
    "train_ratio": 1.0,
    "test_ratio": 1.0,
    "epochs": 70,
    "lr": 0.0001,
    "patience": 10,
    "test_auc": 0.8090986445905365,
    "test_aupr": 0.8200917709871518,
    "test_f1": 0.7525296729207158
}