{
    "cellline_name": "HS936T",
    "train_ratio": 1.0,
    "test_ratio": 1.0,
    "epochs": 70,
    "lr": 0.0001,
    "patience": 10,
    "test_auc": 0.740008594494728,
    "test_aupr": 0.7449220945056043,
    "test_f1": 0.6695564498506543
}