{
    "cellline_name": "IPC298",
    "train_ratio": 1.0,
    "test_ratio": 1.0,
    "epochs": 70,
    "lr": 0.0001,
    "patience": 10,
    "test_auc": 0.6355619378856919,
    "test_aupr": 0.6418814747580229,
    "test_f1": 0.6656324789970997
}