{
    "cellline_name": "IPC298",
    "train_ratio": 1.0,
    "test_ratio": 1.0,
    "epochs": 70,
    "lr": 0.0001,
    "patience": 10,
    "test_auc": 0.792513549275743,
    "test_aupr": 0.7914617478843553,
    "test_f1": 0.7153257717454998
}