{
    "cellline_name": "HS936T",
    "train_ratio": 1.0,
    "test_ratio": 1.0,
    "epochs": 70,
    "lr": 0.0001,
    "patience": 10,
    "test_auc": 0.771485576101035,
    "test_aupr": 0.7734679491702452,
    "test_f1": 0.6931148779917551
}