{
    "cellline_name": "HS936T",
    "train_ratio": 1.0,
    "test_ratio": 1.0,
    "epochs": 70,
    "lr": 0.0001,
    "patience": 10,
    "test_auc": 0.7828989058612883,
    "test_aupr": 0.7952277631056137,
    "test_f1": 0.7109328882910597
}