{
    "cellline_name": "IPC298",
    "train_ratio": 1.0,
    "test_ratio": 1.0,
    "epochs": 70,
    "lr": 0.0001,
    "patience": 10,
    "test_auc": 0.7709068598674362,
    "test_aupr": 0.7539648627285833,
    "test_f1": 0.721053113799585
}