{
    "cellline_name": "PATU8988S",
    "train_ratio": 1.0,
    "test_ratio": 1.0,
    "epochs": 70,
    "lr": 0.0001,
    "patience": 10,
    "test_auc": 0.7264791420216936,
    "test_aupr": 0.7649871572997353,
    "test_f1": 0.6656646602861858
}