{
    "cellline_name": "JURKAT",
    "train_ratio": 1.0,
    "test_ratio": 1.0,
    "epochs": 70,
    "lr": 0.0001,
    "patience": 10,
    "test_auc": 0.7757441506371237,
    "test_aupr": 0.783813788719318,
    "test_f1": 0.7182193122307373
}