{
    "cellline_name": "PK1",
    "train_ratio": 1.0,
    "test_ratio": 1.0,
    "epochs": 70,
    "lr": 0.0001,
    "patience": 10,
    "test_auc": 0.7608017706891153,
    "test_aupr": 0.7627496626555121,
    "test_f1": 0.7046646848123896
}