{
    "cellline_name": "JURKAT",
    "train_ratio": 1.0,
    "test_ratio": 1.0,
    "epochs": 70,
    "lr": 0.0001,
    "patience": 10,
    "test_auc": 0.8068903303303303,
    "test_aupr": 0.8111210047219319,
    "test_f1": 0.7375249887196211
}