{
    "cellline_name": "HS936T",
    "train_ratio": 1.0,
    "test_ratio": 1.0,
    "epochs": 70,
    "lr": 0.0001,
    "patience": 10,
    "test_auc": 0.6537198083917651,
    "test_aupr": 0.6726075563863082,
    "test_f1": 0.6072586463557595
}