{
    "cellline_name": "JURKAT",
    "train_ratio": 1.0,
    "test_ratio": 1.0,
    "epochs": 70,
    "lr": 0.0001,
    "patience": 10,
    "test_auc": 0.5473772875578282,
    "test_aupr": 0.5367243059974787,
    "test_f1": 0.5225047024409781
}