{
    "cellline_name": "HSC5",
    "train_ratio": 1.0,
    "test_ratio": 1.0,
    "epochs": 70,
    "lr": 0.0001,
    "patience": 10,
    "test_auc": 0.8005734118002114,
    "test_aupr": 0.8079690316618594,
    "test_f1": 0.7375260880788176
}