{
    "cellline_name": "IPC298",
    "train_ratio": 1.0,
    "test_ratio": 1.0,
    "epochs": 70,
    "lr": 0.0001,
    "patience": 10,
    "test_auc": 0.7860961263828268,
    "test_aupr": 0.7722328861778684,
    "test_f1": 0.7121533739867875
}