{
    "cellline_name": "PK1",
    "train_ratio": 1.0,
    "test_ratio": 1.0,
    "epochs": 70,
    "lr": 0.0001,
    "patience": 10,
    "test_auc": 0.7742446939189838,
    "test_aupr": 0.7912911621072867,
    "test_f1": 0.7005110974256457
}