{
    "cellline_name": "IPC298",
    "train_ratio": 1.0,
    "test_ratio": 1.0,
    "epochs": 70,
    "lr": 0.0001,
    "patience": 10,
    "test_auc": 0.7773858672509723,
    "test_aupr": 0.7662631192096179,
    "test_f1": 0.7228979519917801
}