{
    "cellline_name": "JURKAT",
    "train_ratio": 1.0,
    "test_ratio": 1.0,
    "epochs": 70,
    "lr": 0.0001,
    "patience": 10,
    "test_auc": 0.8237586559532506,
    "test_aupr": 0.827522307114019,
    "test_f1": 0.75681815838784
}