{
    "cellline_name": "IPC298",
    "train_ratio": 1.0,
    "test_ratio": 1.0,
    "epochs": 70,
    "lr": 0.0001,
    "patience": 10,
    "test_auc": 0.6880480753140061,
    "test_aupr": 0.712578382326861,
    "test_f1": 0.6233571277066157
}