{
    "cellline_name": "HS936T",
    "train_ratio": 1.0,
    "test_ratio": 1.0,
    "epochs": 70,
    "lr": 0.0001,
    "patience": 10,
    "test_auc": 0.7793141899272079,
    "test_aupr": 0.7826968080503327,
    "test_f1": 0.7119643352685212
}