{
    "cellline_name": "HSC5",
    "train_ratio": 1.0,
    "test_ratio": 1.0,
    "epochs": 70,
    "lr": 0.0001,
    "patience": 10,
    "test_auc": 0.6095367436245661,
    "test_aupr": 0.6480661920133682,
    "test_f1": 0.5262539048609021
}