{
    "cellline_name": "IPC298",
    "train_ratio": 1.0,
    "test_ratio": 1.0,
    "epochs": 70,
    "lr": 0.0001,
    "patience": 10,
    "test_auc": 0.8062884213110296,
    "test_aupr": 0.7999362330483399,
    "test_f1": 0.7360240417860541
}