{
    "cellline_name": "PATU8988S",
    "train_ratio": 1.0,
    "test_ratio": 1.0,
    "epochs": 70,
    "lr": 0.0001,
    "patience": 10,
    "test_auc": 0.816853744065346,
    "test_aupr": 0.8382401035932705,
    "test_f1": 0.7432070666446953
}