{
    "cellline_name": "JURKAT",
    "train_ratio": 1.0,
    "test_ratio": 1.0,
    "epochs": 70,
    "lr": 0.0001,
    "patience": 10,
    "test_auc": 0.8122286210534859,
    "test_aupr": 0.8225790566103115,
    "test_f1": 0.7493884078589799
}