{
    "cellline_name": "HSC5",
    "train_ratio": 1.0,
    "test_ratio": 1.0,
    "epochs": 70,
    "lr": 0.0001,
    "patience": 10,
    "test_auc": 0.8011065841758462,
    "test_aupr": 0.8037029691739143,
    "test_f1": 0.7291945951336223
}