{
    "cellline_name": "JURKAT",
    "train_ratio": 1.0,
    "test_ratio": 5.0,
    "epochs": 70,
    "lr": 0.0001,
    "patience": 10,
    "test_auc": 0.8245062887752617,
    "test_aupr": 0.5697372919303516,
    "test_f1": 0.5082003280134264
}