{
    "cellline_name": "PK1",
    "train_ratio": 1.0,
    "test_ratio": 1.0,
    "epochs": 70,
    "lr": 0.0001,
    "patience": 10,
    "test_auc": 0.7733535846778982,
    "test_aupr": 0.7863614351660025,
    "test_f1": 0.7042097364909783
}