{
    "cellline_name": "HS936T",
    "train_ratio": 1.0,
    "test_ratio": 1.0,
    "epochs": 70,
    "lr": 0.0001,
    "patience": 10,
    "test_auc": 0.7889110848290055,
    "test_aupr": 0.7992521492669776,
    "test_f1": 0.7213527012977883
}