{
    "cellline_name": "K562",
    "train_ratio": 1.0,
    "test_ratio": 1.0,
    "epochs": 70,
    "lr": 0.0001,
    "patience": 10,
    "test_auc": 0.8250197525676469,
    "test_aupr": 0.819628228815523,
    "test_f1": 0.75567368311645
}