{
    "cellline_name": "IPC298",
    "train_ratio": 1.0,
    "test_ratio": 1.0,
    "epochs": 70,
    "lr": 0.0001,
    "patience": 10,
    "test_auc": 0.8101855631922732,
    "test_aupr": 0.80475081698625,
    "test_f1": 0.7404112358231576
}