{
    "cellline_name": "K562",
    "train_ratio": 1.0,
    "test_ratio": 2.0,
    "epochs": 70,
    "lr": 0.0001,
    "patience": 10,
    "test_auc": 0.8352531473438219,
    "test_aupr": 0.7285825690096074,
    "test_f1": 0.679426635670623
}