{
    "cellline_name": "HS936T",
    "ratio": 1.0,
    "cv": 2,
    "epochs": 70,
    "lr": 0.0001,
    "patience": 10,
    "test_auc": 0.7716400264825498,
    "test_aupr": 0.7632702313558893,
    "test_f1": 0.7070565225959982
}