{
    "cellline_name": "HSC5",
    "ratio": 1.0,
    "cv": 2,
    "epochs": 70,
    "lr": 0.0001,
    "patience": 10,
    "test_auc": 0.7852817527690192,
    "test_aupr": 0.7533944617569203,
    "test_f1": 0.7103201815832034
}