{
    "cellline_name": "PK1",
    "ratio": 1.0,
    "cv": 2,
    "epochs": 70,
    "lr": 0.0001,
    "patience": 10,
    "test_auc": 0.7533080488832702,
    "test_aupr": 0.739814812026988,
    "test_f1": 0.6880344396195877
}