{
    "cellline_name": "HSC5",
    "ratio": 1.0,
    "cv": 2,
    "epochs": 70,
    "lr": 0.0001,
    "patience": 10,
    "test_auc": 0.773064594991036,
    "test_aupr": 0.7860995343302015,
    "test_f1": 0.7173220024593892
}