{
    "cellline_name": "PK1",
    "ratio": 1.0,
    "cv": 2,
    "epochs": 70,
    "lr": 0.0001,
    "patience": 10,
    "test_auc": 0.7432499648069072,
    "test_aupr": 0.7536138731471851,
    "test_f1": 0.709157803722243
}