{
    "cellline_name": "PATU8988S",
    "ratio": 1.0,
    "cv": 2,
    "epochs": 70,
    "lr": 0.0001,
    "patience": 10,
    "test_auc": 0.7786164447387136,
    "test_aupr": 0.7745049858815609,
    "test_f1": 0.7098195340350004
}