{
    "cellline_name": "JURKAT",
    "ratio": 1.0,
    "cv": 2,
    "epochs": 70,
    "lr": 0.0001,
    "patience": 10,
    "test_auc": 0.7957827556000501,
    "test_aupr": 0.8035494804068831,
    "test_f1": 0.7119671224255637
}