{
    "cellline_name": "IPC298",
    "ratio": 1.0,
    "cv": 2,
    "epochs": 70,
    "lr": 0.0001,
    "patience": 10,
    "test_auc": 0.7640233622350674,
    "test_aupr": 0.7605584063127545,
    "test_f1": 0.6861823061724749
}