{
    "cellline_name": "IPC298",
    "ratio": 1.0,
    "cv": 2,
    "epochs": 70,
    "lr": 0.0001,
    "patience": 10,
    "test_auc": 0.7680558684388376,
    "test_aupr": 0.7750874513761351,
    "test_f1": 0.707025920753882
}