{
    "cellline_name": "K562",
    "ratio": 1.0,
    "cv": 2,
    "epochs": 70,
    "lr": 0.0001,
    "patience": 10,
    "test_auc": 0.7847833665338646,
    "test_aupr": 0.7900595556130847,
    "test_f1": 0.7013880419167166
}