{
    "cellline_name": "JURKAT",
    "ratio": 1.0,
    "cv": 2,
    "epochs": 70,
    "lr": 0.0001,
    "patience": 10,
    "test_auc": 0.7942229007633588,
    "test_aupr": 0.7958137099088598,
    "test_f1": 0.7232411178705033
}