{
    "cellline_name": "K562",
    "ratio": 1.0,
    "cv": 2,
    "epochs": 70,
    "lr": 0.0001,
    "patience": 10,
    "test_auc": 0.8006371176541425,
    "test_aupr": 0.7959000537702245,
    "test_f1": 0.7281475029392933
}