{
    "cellline_name": "K562",
    "ratio": 1.0,
    "cv": 2,
    "epochs": 70,
    "lr": 0.0001,
    "patience": 10,
    "test_auc": 0.7975768137453036,
    "test_aupr": 0.810395188271815,
    "test_f1": 0.7531974505423926
}