{
    "cellline_name": "PATU8988S",
    "ratio": 1.0,
    "cv": 2,
    "epochs": 70,
    "lr": 0.0001,
    "patience": 10,
    "test_auc": 0.7779672507300792,
    "test_aupr": 0.779219360603124,
    "test_f1": 0.7076196133632651
}