{
    "cellline_name": "K562",
    "ratio": 1.0,
    "cv": 2,
    "epochs": 70,
    "lr": 0.0001,
    "patience": 10,
    "test_auc": 0.784064459792014,
    "test_aupr": 0.7850357671195903,
    "test_f1": 0.7064639015716948
}