{
    "cellline_name": "HS936T",
    "ratio": 1.0,
    "cv": 2,
    "epochs": 70,
    "lr": 0.0001,
    "patience": 10,
    "test_auc": 0.7160745341614907,
    "test_aupr": 0.7357799112718036,
    "test_f1": 0.6723130269111542
}