{
    "cellline_name": "HS936T",
    "ratio": 1.0,
    "cv": 3,
    "epochs": 70,
    "lr": 0.0001,
    "patience": 10,
    "test_auc": 0.5875,
    "test_aupr": 0.6522510894949666,
    "test_f1": 0.5703124108786394
}