{
    "cellline_name": "K562",
    "ratio": 1.0,
    "cv": 3,
    "epochs": 70,
    "lr": 0.0001,
    "patience": 10,
    "test_auc": 0.64589774078478,
    "test_aupr": 0.6247624229118788,
    "test_f1": 0.32333634845188114
}