{
    "cellline_name": "PATU8988S",
    "ratio": 1.0,
    "cv": 3,
    "epochs": 70,
    "lr": 0.0001,
    "patience": 10,
    "test_auc": 0.7141975308641976,
    "test_aupr": 0.6475265610803936,
    "test_f1": 0.7174303405572755
}