{
    "cellline_name": "HSC5",
    "ratio": 1.0,
    "cv": 3,
    "epochs": 70,
    "lr": 0.0001,
    "patience": 10,
    "test_auc": 0.6249739854318419,
    "test_aupr": 0.6023131907743025,
    "test_f1": 0.6565775818146399
}