{
    "cellline_name": "K562",
    "ratio": 1.0,
    "cv": 3,
    "epochs": 70,
    "lr": 0.0001,
    "patience": 10,
    "test_auc": 0.6006407974368102,
    "test_aupr": 0.5746554467367917,
    "test_f1": 0.4662087859591265
}