{
    "cellline_name": "K562",
    "ratio": 1.0,
    "cv": 3,
    "epochs": 70,
    "lr": 0.0001,
    "patience": 10,
    "test_auc": 0.6186159844054581,
    "test_aupr": 0.5161389661272199,
    "test_f1": 0.42356720751811344
}