{
    "cellline_name": "PATU8988S",
    "ratio": 1.0,
    "cv": 3,
    "epochs": 70,
    "lr": 0.0001,
    "patience": 10,
    "test_auc": 0.7011200000000001,
    "test_aupr": 0.713983878173541,
    "test_f1": 0.6371636654661865
}