{
    "cellline_name": "K562",
    "ratio": 1.0,
    "cv": 3,
    "epochs": 70,
    "lr": 0.0001,
    "patience": 10,
    "test_auc": 0.5091400757166036,
    "test_aupr": 0.5089145918148498,
    "test_f1": 0.194759378552482
}