{
    "cellline_name": "A549",
    "ratio": 1.0,
    "cv": 3,
    "epochs": 70,
    "lr": 0.0001,
    "patience": 10,
    "test_auc": 0.7886896551724139,
    "test_aupr": 0.7810739200119474,
    "test_f1": 0.6925195864334306
}