{
    "cellline_name": "PK1",
    "ratio": 1.0,
    "cv": 3,
    "epochs": 70,
    "lr": 0.0001,
    "patience": 10,
    "test_auc": 0.6495000000000001,
    "test_aupr": 0.6732841797041303,
    "test_f1": 0.5261735419630156
}