{
    "cellline_name": "IPC298",
    "ratio": 1.0,
    "cv": 3,
    "epochs": 70,
    "lr": 0.0001,
    "patience": 10,
    "test_auc": 0.5920138888888888,
    "test_aupr": 0.6982066475087112,
    "test_f1": 0.5362770562770562
}