{
    "cellline_name": "HSC5",
    "ratio": 1.0,
    "cv": 3,
    "epochs": 70,
    "lr": 0.0001,
    "patience": 10,
    "test_auc": 0.681519357195033,
    "test_aupr": 0.6661745451651195,
    "test_f1": 0.6766862953397297
}