{
    "cellline_name": "HS936T",
    "ratio": 1.0,
    "cv": 3,
    "epochs": 70,
    "lr": 0.0001,
    "patience": 10,
    "test_auc": 0.8301775147928995,
    "test_aupr": 0.8542571801041218,
    "test_f1": 0.7379782697587476
}