{
    "cellline_name": "JURKAT",
    "ratio": 1.0,
    "cv": 3,
    "epochs": 70,
    "lr": 0.0001,
    "patience": 10,
    "test_auc": 0.5969230769230769,
    "test_aupr": 0.6580722812315479,
    "test_f1": 0.44788942052099945
}