{
    "cellline_name": "HS936T",
    "ratio": 1.0,
    "cv": 3,
    "epochs": 70,
    "lr": 0.0001,
    "patience": 10,
    "test_auc": 0.7964334705075446,
    "test_aupr": 0.806592251349626,
    "test_f1": 0.7557198363909008
}