{
    "cellline_name": "PK1",
    "ratio": 1.0,
    "cv": 3,
    "epochs": 70,
    "lr": 0.0001,
    "patience": 10,
    "test_auc": 0.633,
    "test_aupr": 0.5847062292100133,
    "test_f1": 0.6636065456159663
}