{
    "cellline_name": "PK1",
    "ratio": 1.0,
    "cv": 3,
    "epochs": 70,
    "lr": 0.0001,
    "patience": 10,
    "test_auc": 0.70656,
    "test_aupr": 0.6995351170970795,
    "test_f1": 0.6616502293362717
}