{
    "cellline_name": "IPC298",
    "ratio": 1.0,
    "cv": 3,
    "epochs": 70,
    "lr": 0.0001,
    "patience": 10,
    "test_auc": 0.759765625,
    "test_aupr": 0.7451963142466239,
    "test_f1": 0.6728850948100021
}