{
    "train_cell_line": [
        "PK1",
        "A549",
        "K562",
        "JURKAT",
        "HS936T",
        "IPC298",
        "MEL202",
        "PATU8988S",
        "MELJUSO"
    ],
    "test_cell_line": "HSC5",
    "train_ratio": 1.0,
    "test_ratio": 1.0,
    "epochs": 70,
    "lr": 0.0001,
    "patience": 10,
    "test_auc": 0.8374978643870328,
    "test_aupr": 0.832950361997276,
    "test_f1": 0.7634333565945569
}