{
    "train_cell_line": [
        "PK1",
        "A549",
        "K562",
        "JURKAT",
        "HS936T",
        "HSC5",
        "IPC298",
        "MEL202",
        "MELJUSO"
    ],
    "test_cell_line": "PATU8988S",
    "train_ratio": 1.0,
    "test_ratio": 1.0,
    "epochs": 70,
    "lr": 0.0001,
    "patience": 10,
    "test_auc": 0.8266746312154954,
    "test_aupr": 0.7929772090456946,
    "test_f1": 0.7699680511182109
}