{
    "train_cell_line": [
        "A549",
        "K562",
        "JURKAT",
        "HS936T",
        "HSC5",
        "IPC298",
        "MEL202",
        "PATU8988S",
        "MELJUSO"
    ],
    "test_cell_line": "PK1",
    "train_ratio": 1.0,
    "test_ratio": 1.0,
    "epochs": 70,
    "lr": 0.0001,
    "patience": 10,
    "test_auc": 0.8082307785617994,
    "test_aupr": 0.803257866344301,
    "test_f1": 0.7444608567208272
}