{
    "train_cell_line": [
        "PK1",
        "A549",
        "K562",
        "HS936T",
        "HSC5",
        "IPC298",
        "MEL202",
        "PATU8988S",
        "MELJUSO"
    ],
    "test_cell_line": "JURKAT",
    "train_ratio": 1.0,
    "test_ratio": 1.0,
    "epochs": 70,
    "lr": 0.0001,
    "patience": 10,
    "test_auc": 0.7998392987582177,
    "test_aupr": 0.80083319930003,
    "test_f1": 0.7260083449235049
}