{
    "train_cell_line": [
        "PK1",
        "A549",
        "K562",
        "JURKAT",
        "HS936T",
        "HSC5",
        "IPC298",
        "MEL202",
        "PATU8988S"
    ],
    "test_cell_line": "MELJUSO",
    "train_ratio": 1.0,
    "test_ratio": 1.0,
    "epochs": 70,
    "lr": 0.0001,
    "patience": 10,
    "test_auc": 0.8357646662738827,
    "test_aupr": 0.8142805982341856,
    "test_f1": 0.7761989342806395
}