{
    "train_cell_line": [
        "PK1",
        "A549",
        "K562",
        "JURKAT",
        "HS936T",
        "HSC5",
        "MEL202",
        "PATU8988S",
        "MELJUSO"
    ],
    "test_cell_line": "IPC298",
    "train_ratio": 1.0,
    "test_ratio": 1.0,
    "epochs": 70,
    "lr": 0.0001,
    "patience": 10,
    "test_auc": 0.8191160451108549,
    "test_aupr": 0.8235480220257222,
    "test_f1": 0.7578616352201258
}