{
    "train_cell_line": [
        "PK1",
        "A549",
        "JURKAT",
        "HS936T",
        "HSC5",
        "IPC298",
        "MEL202",
        "PATU8988S",
        "MELJUSO"
    ],
    "test_cell_line": "K562",
    "train_ratio": 1.0,
    "test_ratio": 1.0,
    "epochs": 70,
    "lr": 0.0001,
    "patience": 10,
    "test_auc": 0.6703282078581518,
    "test_aupr": 0.6664222377308335,
    "test_f1": 0.5973482205163991
}